INSERT INTO departments (department_id, department_name) VALUES
(1, 'Engineering'),
(2, 'Human Resources'),
(3, 'Marketing'),
(4, 'Finance'),
(5, 'Operations'),
(6, 'Sales'),
(7, 'Legal');

INSERT INTO job_titles (job_title_id, job_title) VALUES
(1, 'Software Engineer'),
(2, 'Senior Software Engineer'),
(3, 'HR Specialist'),
(4, 'HR Assistant'),
(5, 'Talent Acquisition Specialist'),
(6, 'SEO Specialist'),
(7, 'Marketing Analyst'),
(8, 'Digital Marketing Associate'),
(9, 'Financial Analyst'),
(10, 'Budget Analyst'),
(11, 'Operations Associate'),
(12, 'Operations Manager'),
(13, 'Sales Associate'),
(14, 'Sales Manager'),
(15, 'Legal Counsel'),
(16, 'Paralegal');

INSERT INTO employees (
    employee_id, full_name, start_date, end_date, department_id, job_title_id, status, pay_type, pay_rate
) VALUES
(101, 'Eric Hodges', '2020-09-25', '2024-01-01', 6, 13, 'Terminated', 'Hourly', 84184.6),
(102, 'Geoffrey Alexander', '2024-07-04', NULL, 1, 1, 'Active', 'Salary', 101563.78),
(103, 'Audrey Simpson', '2023-07-06', NULL, 2, 5, 'Active', 'Hourly', 27.62),
(104, 'Caleb Villegas', '2022-09-10', NULL, 2, 4, 'Active', 'Salary', 45047.96),
(105, 'Joseph Garcia', '2023-06-24', NULL, 5, 12, 'Active', 'Salary', 71637.9),
(106, 'Jerry Hughes', '2022-01-17', NULL, 2, 3, 'Active', 'Salary', 37023.22),
(107, 'Matthew Cook', '2024-05-19', '2024-11-24', 6, 13, 'Terminated', 'Salary', 135151.4),
(108, 'Jessica Gray', '2022-09-22', NULL, 2, 3, 'Active', 'Salary', 35909.92),
(109, 'Holly Beard PhD', '2025-01-27', '2025-06-09', 4, 10, 'Terminated', 'Salary', 67122.57),
(110, 'Michelle Hall', '2024-07-26', NULL, 4, 10, 'Active', 'Salary', 91859.68),
(111, 'Kyle Moore', '2023-06-15', NULL, 1, 2, 'Active', 'Salary', 101340.28),
(112, 'Micheal Flores', '2020-07-23', '2023-12-07', 4, 9, 'Terminated', 'Salary', 122364.64),
(113, 'Jesse Barnett', '2022-07-19', NULL, 2, 4, 'Active', 'Hourly', 33.53),
(114, 'Casey Nelson', '2024-09-16', '2025-06-03', 5, 11, 'Terminated', 'Salary', 50361.48),
(115, 'Susan Allen', '2021-08-05', NULL, 6, 14, 'Active', 'Salary', 115506.22),
(116, 'Donald Morales', '2024-07-24', NULL, 7, 15, 'Active', 'Hourly', 21.11),
(117, 'Justin Green', '2023-04-17', NULL, 1, 1, 'Active', 'Salary', 74156.22),
(118, 'Angela Yang', '2024-04-03', '2024-11-23', 2, 5, 'Terminated', 'Hourly', 77.11),
(119, 'Susan Jackson', '2024-01-29', '2025-01-18', 3, 8, 'Terminated', 'Salary', 50942.79),
(120, 'Karen Williams', '2022-07-25', NULL, 2, 3, 'On-boarding', 'Salary', 112675.75),
(121, 'Randy Perez', '2024-12-06', NULL, 4, 9, 'On-boarding', 'Salary', 33987.34),
(122, 'Theodore Howell DDS', '2023-09-15', NULL, 5, 11, 'Active', 'Hourly', 48.62),
(123, 'Bonnie Lee', '2020-09-11', NULL, 5, 11, 'Active', 'Salary', 106158.18),
(124, 'Andrea Dixon', '2024-10-25', NULL, 6, 14, 'Active', 'Salary', 111607.3),
(125, 'Mr. Eddie Randolph', '2023-04-15', NULL, 5, 11, 'Active', 'Salary', 42646.13),
(126, 'Renee Banks', '2024-12-02', NULL, 1, 2, 'Active', 'Hourly', 23.81),
(127, 'Samantha Johnson', '2024-12-03', NULL, 6, 14, 'Active', 'Salary', 123208.75),
(128, 'Lori Evans', '2024-07-12', '2024-09-03', 6, 13, 'Terminated', 'Salary', 45693.88),
(129, 'Jeanne Martinez', '2021-10-29', NULL, 5, 11, 'Active', 'Salary', 120307.12),
(130, 'Jacob Hall', '2023-08-19', NULL, 2, 3, 'Active', 'Salary', 54526.03),
(131, 'Jeffrey Brown', '2020-09-14', NULL, 2, 3, 'Active', 'Salary', 125786.24),
(132, 'Peter Cunningham', '2023-11-07', '2025-03-30', 3, 8, 'Terminated', 'Salary', 63707.29),
(133, 'Mark Colon', '2023-02-08', NULL, 2, 3, 'Active', 'Salary', 104950.3),
(134, 'Danielle Chapman', '2023-03-02', NULL, 3, 7, 'Active', 'Salary', 136768.86),
(135, 'Gary Nielsen', '2025-06-28', NULL, 1, 1, 'Active', 'Salary', 86550.31),
(136, 'Megan Bartlett', '2024-08-28', NULL, 3, 6, 'Active', 'Salary', 118395.93),
(137, 'Kevin Moore', '2024-10-03', NULL, 6, 14, 'Active', 'Salary', 38674.89),
(138, 'Maria Thomas', '2024-03-24', '2024-12-29', 6, 14, 'Terminated', 'Salary', 56975.59),
(139, 'Johnny Clark', '2023-04-28', NULL, 4, 9, 'Active', 'Salary', 91127.61),
(140, 'Matthew Jackson', '2021-08-10', NULL, 4, 9, 'Active', 'Salary', 38122.69),
(141, 'Jeffrey Sellers', '2024-11-24', NULL, 7, 15, 'Active', 'Hourly', 70.19),
(142, 'Paul Morse', '2021-01-26', '2025-01-01', 1, 2, 'Terminated', 'Salary', 72982.51),
(143, 'Michele Roach', '2021-11-21', '2022-02-12', 7, 15, 'Terminated', 'Salary', 130950.05),
(144, 'Gloria Harris', '2023-11-10', '2025-01-19', 2, 4, 'Terminated', 'Salary', 110045.4),
(145, 'Amy Hester', '2023-10-06', NULL, 2, 5, 'Active', 'Salary', 124287.82),
(146, 'Melissa Franco', '2024-02-17', '2024-10-28', 5, 11, 'Terminated', 'Salary', 98535.0),
(147, 'Joseph Silva', '2020-11-05', NULL, 6, 14, 'On-boarding', 'Salary', 124052.65),
(148, 'Jeffrey Peterson', '2024-06-04', NULL, 1, 2, 'Active', 'Hourly', 21.09),
(149, 'Dr. Alicia Smith', '2021-01-05', NULL, 1, 2, 'Active', 'Salary', 123599.5),
(150, 'Christopher Crane', '2021-08-27', '2054-05-28', 1, 2, 'Terminated', 'Salary', 75209.16),
(151, 'David Lopez', '2022-08-16', NULL, 4, 10, 'Active', 'Salary', 43510.43),
(152, 'Andrew Hunter', '2024-08-02', NULL, 4, 9, 'Active', 'Salary', 116143.45),
(153, 'Chad Martin', '2024-10-05', NULL, 5, 12, 'Active', 'Salary', 88654.7),
(154, 'Lauren Santiago', '2022-07-21', NULL, 5, 12, 'Active', 'Salary', 127238.53),
(155, 'Brian Brown', '2023-07-07', NULL, 6, 14, 'Active', 'Salary', 48616.14),
(156, 'Mary Jones', '2024-05-13', NULL, 7, 15, 'Active', 'Salary', 116182.93),
(157, 'Crystal Peters', '2022-08-24', NULL, 4, 10, 'Active', 'Salary', 37914.51),
(158, 'Christopher Harrell', '2022-10-15', NULL, 4, 9, 'Active', 'Salary', 79005.25),
(159, 'Elizabeth Allen', '2020-07-24', NULL, 2, 5, 'Active', 'Salary', 72820.01),
(160, 'Jacqueline Cox', '2021-07-05', NULL, 3, 8, 'Active', 'Salary', 113389.6),
(161, 'Thomas Smith', '2021-01-25', NULL, 5, 12, 'Active', 'Salary', 103574.95),
(162, 'Michelle Miller', '2024-12-13', NULL, 5, 11, 'Active', 'Salary', 109799.95),
(163, 'Kelli Sanchez', '2023-05-16', '2025-02-23', 1, 2, 'Terminated', 'Hourly', 60.98),
(164, 'Christine Kim', '2020-11-09', NULL, 4, 10, 'Active', 'Salary', 45263.95),
(165, 'Randy Copeland', '2021-05-21', '2023-01-24', 6, 14, 'Terminated', 'Salary', 109497.69),
(166, 'Joseph Lyons', '2020-08-13', NULL, 7, 16, 'Active', 'Salary', 45409.17),
(167, 'Molly Harris', '2023-06-25', '2023-10-03', 2, 3, 'Terminated', 'Salary', 40905.74),
(168, 'Shannon Bradley', '2025-06-15', NULL, 3, 7, 'On-boarding', 'Salary', 45058.71),
(169, 'Elizabeth Green', '2024-04-30', NULL, 6, 14, 'Active', 'Salary', 62522.31),
(170, 'Brandon Rosales', '2021-03-08', NULL, 2, 5, 'Active', 'Salary', 112473.96),
(171, 'Max Owen', '2024-06-19', NULL, 5, 12, 'Active', 'Salary', 70804.82),
(172, 'Cameron Caldwell', '2025-02-04', NULL, 7, 15, 'Active', 'Salary', 58812.4),
(173, 'Lisa Ferguson', '2025-04-21', NULL, 7, 15, 'Active', 'Hourly', 37.64),
(174, 'Stacey Chen', '2025-06-03', '2025-06-11', 6, 13, 'Terminated', 'Salary', 80270.59),
(175, 'Danny Wong', '2023-03-16', NULL, 2, 5, 'Active', 'Salary', 48530.3),
(176, 'John Glenn', '2024-04-26', NULL, 7, 16, 'Active', 'Salary', 44457.49),
(177, 'Michael Collins', '2025-02-02', NULL, 2, 4, 'Active', 'Hourly', 24.86),
(178, 'Kim Fry', '2025-03-17', NULL, 3, 6, 'Active', 'Salary', 75981.35),
(179, 'Morgan Swanson', '2021-06-11', NULL, 6, 14, 'Active', 'Hourly', 65.14),
(180, 'Cameron Castillo', '2024-03-04', '2025-03-19', 1, 2, 'Terminated', 'Salary', 85413.44),
(181, 'Victoria Sharp', '2021-07-24', NULL, 7, 15, 'Active', 'Salary', 78186.37),
(182, 'Denise Pham', '2021-04-02', '2022-07-25', 2, 4, 'Terminated', 'Salary', 64343.46),
(183, 'Sara Cantu', '2023-05-27', NULL, 6, 13, 'Active', 'Salary', 137629.75),
(184, 'Timothy Kim', '2021-03-14', NULL, 4, 9, 'Active', 'Salary', 30012.94),
(185, 'William Bradley', '2020-12-26', NULL, 1, 2, 'Active', 'Salary', 62254.6),
(186, 'Jennifer Coleman', '2020-10-28', NULL, 2, 4, 'Active', 'Salary', 128240.33),
(187, 'Ryan Carter', '2025-02-18', '2025-05-17', 6, 13, 'Terminated', 'Salary', 51274.53),
(188, 'Daniel Shelton', '2024-11-19', '2025-01-09', 7, 15, 'Terminated', 'Salary', 32433.87),
(189, 'Douglas Powell', '2022-07-13', NULL, 2, 3, 'Active', 'Salary', 45979.0),
(190, 'Nicholas Cole', '2021-11-17', NULL, 7, 15, 'Active', 'Salary', 36513.14),
(191, 'Jonathan Smith', '2022-06-01', NULL, 1, 1, 'Active', 'Salary', 81136.88),
(192, 'Christopher Phillips', '2023-01-28', NULL, 4, 10, 'Active', 'Hourly', 30.91),
(193, 'Phyllis Barber', '2022-07-15', NULL, 4, 10, 'Active', 'Salary', 40338.67),
(194, 'Stacey Perez', '2020-11-12', NULL, 7, 16, 'Active', 'Salary', 53377.5),
(195, 'Ryan Thomas', '2024-02-17', NULL, 6, 14, 'Active', 'Salary', 96053.96),
(196, 'Nichole Greer', '2025-05-31', NULL, 3, 8, 'On-boarding', 'Salary', 85437.38),
(197, 'Phillip Gallegos', '2020-09-18', '2023-05-09', 1, 1, 'Terminated', 'Salary', 49066.24),
(198, 'Charles Estes', '2025-03-27', '2025-07-08', 7, 15, 'Terminated', 'Salary', 84949.19),
(199, 'Abigail Suarez', '2022-08-03', NULL, 7, 15, 'Active', 'Salary', 64494.86),
(200, 'John Hoover', '2025-01-03', NULL, 4, 10, 'Active', 'Hourly', 63.17);